"country","sftgcode","iso3code","year","start","ongoing","ageln","postcw","reg.afr","reg.eap","reg.eur","reg.mna","reg.sca","reg.amr","wdi.popsizeln","wdi.tradeln","xxxcimrln","polcat1","polcat2","polcat3","polcat7","pitfcat1","pitfcat2","pitfcat3","pitfcat4","pitfcat5","pitfcat6","durableln","autocracy","efcat1","efcat2","efcat3","efcat9","ever","ongoing.1","cou.tries5d","regacln","civconln","io.iccpr1","mix.gdppcgrowsr","dispota4ln","elceliti","elcelethc","elceleth1","elceleth2","sftpuhvl2.10ln","coup.p","cwar.p","pitf.p","threat.p","harff.p","rf.p","mean.p","date"
"Afghanistan","AFG","AFG",2014,0,0,4.56434819146784,1,0,0,0,0,1,0,17.210841968409,3.79955003540726,1.74462675428047,0,0,0,1,0,0,0,0,0,1,0,0,0,0,1,0,1,0,0,2.89037175789616,0,0,3.79282057954518,0,0,0,0,0,3.68887945411394,0.0844800117896407,0.0764477253463412,0.0896788023719936,0.0488916360510241,0.0183941328221274,0.007,0.0247619229577172,2018-07-06
"Albania","ALB","ALB",2014,0,0,4.63472898822964,1,0,0,1,0,0,0,14.9667415456164,4.38715676624585,-0.408764663659437,0,0,1,0,0,0,0,1,0,0,2.77258872223978,0,1,0,0,0,1,0,0,1.94591014905531,0,1,1.26491106406711,0,0,0,0,0,0,0.00914266651389556,0.00306185472786576,0.0207667392119589,0.000811948741215947,0.00721363635825371,0,0.00267519503315655,2018-07-06
"Algeria","ALG","DZA",2014,0,0,3.97029191355212,1,0,0,0,1,0,0,17.465693491512,4.17254224154676,0.0968063862925816,0,1,0,0,0,1,0,0,0,0,2.19722457733622,0,0,1,0,0,1,0,0,2.63905732961526,0,1,1.81659021245844,0,1,1,1,0,1.38629436111989,0.0176565026902594,0.0310924153167849,0.0440742173660856,0.00884940269032899,0.0167525598318613,0,0.00853398750739677,2018-07-06
"Angola","ANG","AGO",2014,0,0,3.68887945411394,1,1,0,0,0,0,0,16.8514498369715,4.62777133205195,1.36884895329264,0,1,0,0,0,1,0,0,0,0,2.77258872223978,1,0,0,1,0,1,0,0,1.79175946922805,0,1,2.61354619012448,1.09861228866811,0,0,0,0,0,0.0460685774536889,0.0388620915369058,0.0788369842260278,0.019321637618903,0.0151012827647319,0,0.011474306794545,2018-07-06
"Argentina","ARG","ARG",2014,0,0,5.29330482472449,1,0,0,0,0,0,1,17.5312005510101,3.61412015243982,-0.703078687110292,0,0,1,0,0,0,0,1,0,0,3.40119738166216,0,1,0,0,0,1,0,0,1.6094379124341,0,1,2.90964992942126,0,0,0,0,0,0,0.00620638749065904,0.00534881800159249,0.00764396122366763,0.00102689570397623,0.00640224275017461,0,0.00247637948471695,2018-07-06
"Armenia","ARM","ARM",2014,0,0,3.17805383034795,1,0,0,1,0,0,0,14.9037630352869,4.30878585987497,-0.154386001013117,0,1,0,0,0,0,1,0,0,0,2.70805020110221,0,1,0,0,0,0,0,0,2.94443897916644,0,1,2.68176542244237,0,0,0,0,0,0,0.0117302821946513,0.0131392407619345,0.0615622963381148,0.00329490855459599,0.00923898572448597,0,0.00417796475969399,2018-07-06
"Australia","AUL","AUS",2014,0,0,4.7361984483945,1,0,1,0,0,0,0,16.9371527543863,3.7440072294853,-1.54122966268229,0,0,1,0,0,0,0,0,1,0,4.71849887129509,0,1,0,0,0,0,0,0,0,0,1,1.84784128035912,0,0,0,0,0,0,0.00339791130830843,0.00158354713708929,0.00351531262006753,0.000248559015680048,0.0019787117044104,0,0.000742423573363483,2018-07-06
"Austria","AUS","AUT",2014,0,0,4.57471097850338,1,0,0,1,0,0,0,15.9511488150893,4.71110520541454,-1.60708773626286,0,0,1,0,0,0,0,0,1,0,4.20469261939097,0,1,0,0,0,0,0,0,1.94591014905531,0,1,0.933005722919519,0,0,0,0,0,0,0.00261930531214278,0.00214418874680799,0.00268163219352388,0.000273746353269487,0.000812450487965017,0,0.000362065613744834,2018-07-06
"Azerbaijan","AZE","AZE",2014,0,0,3.17805383034795,1,0,0,1,0,0,0,16.0452568576716,4.37384901629307,0.302628637699736,1,0,0,0,1,0,0,0,0,0,2.89037175789616,1,1,0,0,0,1,0,0,2.94443897916644,0,1,1.48323969741907,0,0,1,1,0,0,0.0114372241285139,0.0200489123549731,0.0164233574330147,0.00465053195411818,0.0122294068986559,0,0.00562664628425803,2018-07-06
"Bahrain","BAH","BHR",2014,0,0,3.78418963391826,1,0,0,0,1,0,0,14.0914947259452,4.81825464185157,-0.7339691750802,1,0,0,0,1,0,0,0,0,0,0,1,0,1,0,0,0,0,0,2.94443897916644,0,0,1.84385175271866,4.47733681447821,0,1,0,1,0,0.0120819523717672,0.0059425411668577,0.0295597513134575,0.00170421102245879,0.00764963694205269,0.002,0.00378461598817049,2018-07-06
"Bangladesh","BNG","BGD",2014,0,0,3.78418963391826,1,0,0,0,0,1,0,18.8569683732721,4.01264725526307,0.835259300407635,0,1,0,0,0,0,0,1,0,0,1.38629436111989,0,1,0,0,0,1,0,0,3.04452243772342,0,0,2.49673888322396,2.484906649788,0,0,0,0,1.38629436111989,0.0412316337462645,0.0813324303839789,0.0712471694196967,0.0334348335707697,0.0181891288971605,0.002,0.0178746541559767,2018-07-06
"Belarus","BLR","BLR",2014,0,0,3.17805383034795,1,0,0,1,0,0,0,16.0630056846404,5.06728550246028,-1.74802407605808,1,0,0,0,1,0,0,0,0,0,2.83321334405622,1,0,1,0,0,0,0,0,1.94591014905531,0,1,1.22474487139163,1.62924053973028,0,0,0,0,0,0.00286762515847349,0.00454494642617577,0.00526972033441637,0.000551072233602353,0.00100361030763925,0,0.000518227513747201,2018-07-06
"Belgium","BEL","BEL",2014,0,0,5.22035582507832,1,0,0,1,0,0,0,16.2262464002911,5.14254140411582,-1.60240388431644,0,0,1,0,0,0,1,0,0,0,4.23410650459726,0,0,1,0,0,0,0,0,1.94591014905531,0,1,-0.369078245915337,0,0,1,1,0,0,0.00277669278533286,0.00235269863746066,0.0218479385068221,0.000307404185211635,0.00487852841580317,0,0.00172864420033827,2018-07-06
"Benin","BEN","BEN",2014,0,0,4.00733318523247,1,1,0,0,0,0,0,16.1231530407762,3.7363159826399,1.03848754208073,0,0,1,0,0,0,0,1,0,0,3.09104245335832,0,0,0,1,0,0,0,0,2.39789527279837,0,1,2.32378438684436,0,0,0,0,0,0,0.0227328034756698,0.0117791142537283,0.0426745220521173,0.00453520348160506,0.0108991483424299,0,0.00514478394134499,2018-07-06
"Bhutan","BHU","BTN",2014,0,0,4.86753445045558,1,0,0,0,0,1,0,13.5168646011875,4.4693434589434,0.685352172269475,0,1,0,0,0,1,0,0,0,0,1.6094379124341,0,0,1,0,0,0,0,0,3.04452243772342,0,0,3.07272932849397,3.58351893845611,0,1,0,1,0,0.0341219369641194,0.0138794487541497,0.0898663768821536,0.0067158632940161,0.0206706513616674,0.004,0.0104621715518945,2018-07-06
"Bolivia","BOL","BOL",2014,0,0,5.24702407216049,1,0,0,0,0,0,1,16.1665319429986,4.44387338721234,0.655750684710055,0,0,1,0,0,0,1,0,0,0,3.43398720448515,0,0,0,1,0,0,0,0,1.6094379124341,0,1,2.27517712408715,0,0,1,1,0,0,0.0182041514753658,0.00737629350896239,0.0554462299416445,0.00264825893736047,0.0152132035590727,0,0.00595382083214439,2018-07-06
"Bosnia and Herzegovina","BOS","BIH",2014,0,0,3.13549421592915,1,0,0,1,0,0,0,15.1593972931145,4.45799210056646,-1.24806812255182,0,0,0,1,0,0,0,0,0,1,0,0,0,0,1,0,1,0,0,1.94591014905531,0,1,-0.836660048780206,0,0,1,1,0,0,0.0105069599457778,0.00555465372274023,0.0126028659167164,0.00147414432273784,0.00953487782235959,0.002,0.00433634071503248,2018-07-06
"Botswana","BOT","BWA",2014,0,0,3.89182029811063,1,1,0,0,0,0,0,14.5106108299988,4.54863728813496,-0.705934472604737,0,0,1,0,0,0,0,1,0,0,3.85014760171006,0,0,1,0,0,0,0,0,1.79175946922805,0,0,2.04418827168548,0,0,0,0,0,0,0.00695305016819432,0.00211433033010051,0.0117098416418714,0.000498341576835698,0.00250579399326973,0,0.00100137852336848,2018-07-06
"Brazil","BRA","BRA",2014,0,0,5.24702407216049,1,0,0,0,0,0,1,19.1070853392876,3.27880166151331,-0.0369080950770485,0,0,1,0,0,0,0,1,0,0,3.3322045101752,0,0,1,0,0,0,0,0,1.6094379124341,0,0,0.934188511840004,0,0,0,0,0,0,0.014354876806709,0.0130009404019888,0.0127465873088454,0.0037037382548298,0.00668204359484303,0,0.00346192728322428,2018-07-06
"Bulgaria","BUL","BGR",2014,0,0,4.91998092582813,1,0,0,1,0,0,0,15.8040192254435,4.91962735161219,-0.275676002613346,0,0,1,0,0,0,0,1,0,0,3.13549421592915,0,0,1,0,0,1,0,0,1.94591014905531,0,1,0.894427190999803,0,0,0,0,0,0,0.00949050372402815,0.00434185651644153,0.0229722191780697,0.00112053843532986,0.00525085016152223,0,0.0021237961989507,2018-07-06
"Burkina Faso","BFO","BFA",2014,0,0,4.00733318523247,1,1,0,0,0,0,0,16.6164523193976,3.9064110550172,1.32366773674238,0,1,0,0,0,1,0,0,0,0,2.484906649788,1,0,0,1,0,0,0,0,2.39789527279837,0,1,3.16766458015728,0,0,0,0,0,0,0.0414383757484762,0.0429496121156773,0.0579632041955573,0.0196907671995199,0.011965226608873,0.011,0.0142186646027976,2018-07-06
"Burundi","BUI","BDI",2014,0,0,3.97029191355212,1,1,0,0,0,0,0,16.1029382558458,3.83770842826997,1.04330682822566,0,0,1,0,0,0,0,1,0,0,2.07944154167984,0,0,1,0,0,1,0,0,2.94443897916644,0,0,2.00483366777305,0,0,0,0,0,2.07944154167984,0.0323879042675467,0.0141089779028707,0.0418224167105213,0.00659282136618628,0.0131706159973783,0,0.00658781245452154,2018-07-06
"Cambodia","CAM","KHM",2014,0,0,4.12713438504509,1,0,1,0,0,0,0,16.5144961998018,4.73252366542116,0.934107536572308,0,1,0,0,0,1,0,0,0,0,2.70805020110221,0,1,0,0,0,1,0,0,2.19722457733622,0,0,2.694684163744,1.38629436111989,0,0,0,0,0,0.0383041551679364,0.0314591843651104,0.095110661150219,0.0144353714132599,0.015757117058208,0.004,0.011397496157156,2018-07-06
"Cameroon","CAO","CMR",2014,0,0,4.00733318523247,1,1,0,0,0,0,0,16.8928058137578,4.11239567996137,1.03297512513282,0,1,0,0,0,1,0,0,0,0,3.04452243772342,1,0,0,1,0,0,0,0,2.39789527279837,0,1,2.13986054800053,3.04452243772342,0,1,0,1,0,0.0307552450603899,0.039996675918677,0.0934308108193998,0.0154374937196607,0.0275961778775518,0.006,0.0163445571990709,2018-07-06
"Canada","CAN","CAN",2014,0,0,4.99721227376411,1,0,0,0,0,0,1,17.3674382337408,4.11674405222938,-1.4773781909365,0,0,1,0,0,0,0,0,1,0,4.8283137373023,0,0,1,0,0,0,0,0,1.94591014905531,0,1,1.30728943087619,0,0,0,0,0,0,0.00246530102529915,0.00366946073590826,0.00133445136851156,0.000417438908817902,0.000777446245512206,0,0.000398295051443369,2018-07-06
"Central African Republic","CEN","CAF",2014,1,1,4.00733318523247,1,1,0,0,0,0,0,15.3251743218948,3.50283387931474,1.52010512640374,0,1,0,0,0,1,0,0,0,0,2.30258509299405,1,0,0,1,0,1,1,0,2.19722457733622,1.09861228866811,1,2.62610603234503,0,0,1,0,1,3.13549421592915,0.0584835276676192,0.0324141147558866,0.067431659990944,0.0192097271101923,0.0391881237666427,0.336,0.131465950292278,2018-07-06
"Chad","CHA","TCD",2014,0,0,4.00733318523247,1,1,0,0,0,0,0,16.3370845837848,4.2276428699672,1.4827803201067,0,1,0,0,0,1,0,0,0,0,3.04452243772342,1,0,0,1,0,1,0,0,1.6094379124341,0,1,2.98036335832651,0,0,0,0,0,2.77258872223978,0.0480283643453336,0.0330977740926418,0.0672889181056419,0.0173203998504939,0.0126492812001361,0.019,0.0163232270168767,2018-07-06
"Chile","CHL","CHL",2014,0,0,5.28320372873799,1,0,0,0,0,0,1,16.6756987862952,4.22043019478077,-1.06029696313915,0,0,1,0,0,0,0,0,1,0,3.17805383034795,0,0,1,0,0,1,0,0,1.6094379124341,0,1,2.35698324987701,0,0,0,0,0,0,0.0050759162830574,0.00330389411285804,0.00187128215385444,0.000599635350264704,0.00157647721630994,0,0.000725370855524882,2018-07-06
"China","CHN","CHN",2014,0,0,7.71244383427499,1,0,1,0,0,0,0,21.0238851117399,3.94815549308157,-0.307804750318681,1,0,0,0,1,0,0,0,0,0,4.15888308335967,1,1,0,0,0,1,0,0,3.04452243772342,0,0,2.7928480087538,0.76080582903376,1,1,1,0,0,0.00606521664950349,0.0713168541447375,0.0140233189706963,0.00922279172204109,0.010962824647648,0,0.00672853878989635,2018-07-06
"Colombia","COL","COL",2014,0,1,5.27811465923052,1,0,0,0,0,0,1,17.6805347607764,3.6375436241245,-0.288780714404566,0,0,1,0,0,0,1,0,0,0,4.02535169073515,0,0,0,1,0,1,1,0,0,1.6094379124341,1,2.05255421617334,0,0,0,0,0,3.61091791264422,0.0121512117231719,0.00467362066531976,0.0294661006046592,0.00139282119803279,0.00984524635500661,0,0.0037460225176798,2018-07-06
"Comoros","COM","COM",2014,0,0,3.68887945411394,1,1,0,0,0,0,0,13.4835324077918,4.20624413265968,1.17731473212715,0,0,1,0,0,0,0,1,0,0,1.94591014905531,0,0,0,0,1,0,0,0,0,0,0,1.72069432003456,0,0,0,0,0,0,0.0638857926072049,0.00238300805058707,0.0524452176778863,0.00221010542280396,0.00892484062035706,0,0.00371164868105367,2018-07-06
"Congo-Brazzaville","CON","COG",2014,0,0,4.00733318523247,1,1,0,0,0,0,0,15.282705182029,4.8047783592902,1.25067676016097,0,1,0,0,1,0,0,0,0,0,2.77258872223978,1,0,0,1,0,1,0,0,1.6094379124341,0,1,1.9493588684903,3.09104245335832,0,1,1,0,0,0.0449230177946207,0.0207807602138445,0.0520008755644649,0.0112201352286596,0.019514573805432,0.021,0.0172449030113639,2018-07-06
"Congo-Kinshasa","ZAI","COD",2014,0,1,4.00733318523247,1,1,0,0,0,0,0,18.0006869994763,4.81063882062017,1.28263174959558,0,1,0,0,0,0,0,1,0,0,1.94591014905531,0,0,0,1,0,1,1,1,1.79175946922805,1.79175946922805,1,2.67432426100134,1.09861228866811,0,0,0,0,3.40119738166216,0.15303311544567,0.0609452435761723,0.0674649827160545,0.0578653413376036,0.00759663173731739,0.018,0.0278206576916403,2018-07-06
"Costa Rica","COS","CRI",2014,0,0,5.26785815906333,1,0,0,0,0,0,1,15.3852289928828,4.37545328875369,-0.837153410092605,0,0,1,0,0,0,0,0,1,0,4.54329478227,0,1,0,0,0,0,0,0,2.07944154167984,0,1,2.26472847159646,0,0,0,0,0,0,0.00404779730520861,0.002883490497064,0.00217712283757577,0.000463221086520707,0.000899868604418004,0,0.000454363230312903,2018-07-06
"Croatia","CRO","HRV",2014,0,0,3.17805383034795,1,0,0,1,0,0,0,15.2664215621701,4.45510944238796,-1.25464709384531,0,0,1,0,0,0,0,1,0,0,2.56494935746154,0,0,1,0,0,0,0,0,1.94591014905531,0,1,-1.40559972366564,1.94591014905531,0,1,1,0,0,0.0056277136165877,0.00209188872384143,0.0173692028278865,0.00043259146969188,0.00687251383361002,0,0.00243503510110063,2018-07-06
"Cuba","CUB","CUB",2014,0,0,4.99043258677874,1,0,0,0,0,0,1,16.2377397981162,3.66601970346495,-1.48151042615315,1,0,0,0,1,0,0,0,0,0,3.95124371858143,1,1,0,0,0,1,0,0,2.07944154167984,0,0,1.6463108609538,0,1,0,0,0,0,0.00322784843577105,0.00585361496087245,0.00195312580191241,0.000736885374390383,0.00179442854780077,0,0.00084377130739705,2018-07-06
"Cyprus","CYP","CYP",2014,0,0,4.00733318523247,1,0,0,1,0,0,0,13.9368375286801,4.46213320429992,-0.85359213752047,0,0,1,0,0,0,0,0,1,0,3.66356164612965,0,0,1,0,0,0,0,0,2.94443897916644,0,1,-1.54919333848297,0,1,1,1,0,0,0.00497204430392832,0.00238696626420071,0.00458788607235696,0.000448179402374926,0.00201868465337184,0.003,0.00182228801858225,2018-07-06
"Czech Republic","CZR","CZE",2014,0,0,3.09104245335832,1,0,0,1,0,0,0,16.1682952975311,5.01368771847384,-1.74802407605808,0,0,1,0,0,0,1,0,0,0,2.99573227355399,0,0,1,0,0,0,0,0,1.94591014905531,0,1,-1.01050445589116,0,0,0,0,0,0,0.00340163855592838,0.00212562182851048,0.0195610038399215,0.00032001203865705,0.00253575490854871,0,0.000951922315735253,2018-07-06
"Denmark","DEN","DNK",2014,0,0,6.95654544315157,1,0,0,1,0,0,0,15.5365753513145,4.64234425496656,-1.62365615934807,0,0,1,0,0,0,0,0,1,0,4.21950770517611,0,1,0,0,0,0,0,0,1.94591014905531,0,1,-0.613670874556184,0,0,0,0,0,0,0.00277199811720645,0.00185425648566662,0.00264749484264686,0.000250464432117745,0.000846778543311607,0,0.000365747658476451,2018-07-06
"Djibouti","DJI","DJI",2014,0,0,3.63758615972639,1,1,0,0,0,0,0,13.6642829351735,4.89961301244529,0.919767035323557,0,1,0,0,0,0,1,0,0,0,2.63905732961526,0,0,1,0,0,0,0,0,2.63905732961526,0,1,2.25833154947501,0,0,0,0,0,0,0.0294022850388231,0.0144803410733961,0.0965459787574415,0.00634657319330722,0.00817736630785733,0.001,0.00517464650038818,2018-07-06
"Dominican Republic","DOM","DOM",2014,0,0,5.01063529409626,1,0,0,0,0,0,1,16.1453820674607,4.07543121244256,0.00235017716889731,0,0,1,0,0,0,0,1,0,0,2.83321334405622,0,0,1,0,0,1,0,0,2.07944154167984,0,1,1.97172072073173,2.39789527279837,0,0,0,0,0,0.0117018643384388,0.00594359899126813,0.0228253531948621,0.00167075025145709,0.00963882761241706,0,0.00376985928795805,2018-07-06
"Ecuador","ECU","ECU",2014,0,0,5.22035582507832,1,0,0,0,0,0,1,16.555851360525,4.16434698701574,-0.108764996554128,0,1,0,0,0,0,1,0,0,0,2.56494935746154,0,0,0,1,0,0,0,1,1.6094379124341,0,1,2.2634636457501,3.38439026334577,0,1,1,0,0,0.0448646576909589,0.0146786930706843,0.068872457321717,0.00834909710891791,0.0215051036997007,0.009,0.0129514002695395,2018-07-06
"Egypt","EGY","EGY",2014,1,1,4.12713438504509,1,0,0,0,1,0,0,18.2065201497956,3.76754945131056,0.131234639354831,0,0,0,1,0,0,0,0,0,1,0,0,1,0,0,0,0,1,1,2.484906649788,0,1,1.48762525755947,0,0,1,1,0,0,0.0663075589055055,0.0384442016934914,0.0473668402200195,0.0239337617781111,0.0222170282035882,0.475,0.1737169299939,2018-07-06
"El Salvador","SAL","SLV",2014,0,0,5.15905529921453,1,0,0,0,0,0,1,15.655646454991,4.31549151882759,-0.0777707802063392,0,0,1,0,0,0,0,1,0,0,3.36729582998647,0,1,0,0,0,1,0,0,2.07944154167984,0,1,1.38905056619447,0,0,0,0,0,0,0.00999662857741036,0.00484080210413728,0.0120965029647528,0.00127039661487909,0.00526013437681718,0,0.00217684366389876,2018-07-06
"Equatorial Guinea","EQG","GNQ",2014,0,0,3.85014760171006,1,1,0,0,0,0,0,13.5093874907738,4.94084040973842,1.26352834278223,0,1,0,0,1,0,0,0,0,0,3.78418963391826,1,0,0,0,1,1,0,1,2.39789527279837,0,1,1.58113883008419,0,0,1,0,1,0,0.0844560539027874,0.0153913287200489,0.0245689098949293,0.0128621329106103,0.0106692942698413,0.005,0.00951047572681722,2018-07-06
"Eritrea","ERI","ERI",2014,0,0,3.09104245335832,1,1,0,0,0,0,0,15.6288557044326,3.6251383401884,0.64098663706268,1,0,0,0,1,0,0,0,0,0,2.99573227355399,1,0,0,1,0,0,0,0,0.693147180559945,0,0,2.64898260695899,0,0,0,0,0,0,0.0258655888011014,0.00992053186618386,0.0165166466367379,0.00424598578123801,0.00625480033720285,0.001,0.00383359537281362,2018-07-06
"Estonia","EST","EST",2014,0,0,3.17805383034795,1,0,0,1,0,0,0,14.1077293240418,5.19793291003349,-1.11905512175229,0,0,1,0,0,0,0,1,0,0,2.56494935746154,0,0,1,0,0,0,0,0,1.94591014905531,0,1,1.98466801698056,0,0,0,0,0,0,0.00533236991224526,0.00154505852958042,0.0120790806252317,0.000322697182208854,0.0015949206263626,0,0.000639205936190486,2018-07-06
"Ethiopia","ETI","ETH",2014,0,0,7.65681009148038,1,1,0,0,0,0,0,18.3343474897128,3.83230697558405,1.0527120623527,0,1,0,0,0,1,0,0,0,0,2.07944154167984,1,0,0,1,0,1,0,0,0.693147180559945,0.693147180559945,0,2.90956412162015,0,0,1,0,1,2.56494935746154,0.0664555784053553,0.0384204012106579,0.0511264006626437,0.0239540013499039,0.0277949285716744,0.003,0.0182496433071928,2018-07-06
"Fiji","FJI","FJI",2014,0,0,3.80666248977032,1,0,1,0,0,0,0,13.681684264718,4.84574337500109,-0.683313337679357,0,1,0,0,1,0,0,0,0,0,1.79175946922805,1,0,1,0,0,0,0,0,0,0,0,1.51894138441839,3.78418963391826,0,0,0,0,1.38629436111989,0.0218095843109496,0.00240756175956497,0.0248459003022,0.00113872817648343,0.00283993714417124,0,0.00132622177355156,2018-07-06
"Finland","FIN","FIN",2014,0,0,4.57471097850338,1,0,0,1,0,0,0,15.5045528666429,4.40669631872043,-1.83258146374831,0,0,1,0,0,0,0,0,1,0,4.23410650459726,0,1,0,0,0,0,0,0,1.94591014905531,0,1,-0.909229029178764,0,0,0,0,0,0,0.00237905275819569,0.00162994951677838,0.00225246136003329,0.000203822348940249,0.00090030995541136,0,0.000368044101450536,2018-07-06
"France","FRN","FRA",2014,0,0,7.06646697013696,1,0,0,1,0,0,0,18.0005590864467,4.0445916934641,-1.84144415286076,0,0,1,0,0,0,0,0,1,0,3.78418963391826,0,1,0,0,0,0,0,0,1.94591014905531,0,1,0.117808312417762,1.6094379124341,0,0,0,0,0,0.0024978563830655,0.00367383394756275,0.00330654591261628,0.000421309999453594,0.00152434085780872,0,0.000648550285754106,2018-07-06
"Gabon","GAB","GAB",2014,0,0,4.00733318523247,1,1,0,0,0,0,0,14.3056672432949,4.48043802426209,0.835463402765711,0,1,0,0,0,0,1,0,0,0,1.38629436111989,0,0,0,1,0,0,0,0,2.39789527279837,0,0,2.36643191323985,0,0,0,0,0,0,0.0466857188046062,0.0156732736994566,0.0919021300603757,0.00904756380689704,0.0107084676388208,0.005,0.00825201048190594,2018-07-06
"Gambia","GAM","GMB",2014,0,0,3.91202300542815,1,1,0,0,0,0,0,14.398410301293,4.3310169901494,1.18612027429948,0,1,0,0,1,0,0,0,0,0,2.77258872223978,1,0,0,1,0,0,0,0,2.39789527279837,0,1,2.45180775624187,0,0,0,0,0,0,0.0361942895460759,0.0196387995797657,0.0231708987869178,0.0093550607009605,0.00471836956722357,0,0.00469114342272802,2018-07-06
"Georgia","GRG","GEO",2014,0,0,3.17805383034795,1,0,0,1,0,0,0,15.3222067449365,4.5667124689203,-0.369870872780105,0,0,1,0,0,0,0,1,0,0,3.09104245335832,0,0,1,0,0,1,0,1,2.94443897916644,0,1,2.44948974278318,0,0,1,1,0,0,0.0189944509812943,0.00493894702595372,0.0204609611594434,0.00193052785609312,0.0122400645867966,0,0.00472353081429658,2018-07-06
"Germany","GER","DEU",2014,0,0,3.2188758248682,1,0,0,1,0,0,0,18.2208854751924,4.58154726435063,-1.80074085539977,0,0,1,0,0,0,0,0,1,0,3.13549421592915,0,1,0,0,0,0,0,0,1.94591014905531,0,1,0.829852583230831,0,0,0,0,0,0,0.00289741195352325,0.00404040218790189,0.00230862999951194,0.000501515957824685,0.000805987326350387,0,0.000435834428058357,2018-07-06
"Ghana","GHA","GHA",2014,0,0,4.06044301054642,1,1,0,0,0,0,0,17.0489384658001,4.62573981176158,0.655506395103346,0,0,1,0,0,0,0,1,0,0,2.484906649788,0,0,0,1,0,0,0,0,2.39789527279837,0,1,2.81329451244504,0,0,0,0,0,0,0.0190058824707138,0.0128306639973304,0.0320625562689765,0.0043628867628776,0.00471095005143302,0,0.00302461227143687,2018-07-06
"Greece","GRC","GRC",2014,0,0,5.20948615284142,1,0,0,1,0,0,0,16.2385566088891,4.07798135412001,-1.46304836384995,0,0,1,0,0,0,0,0,1,0,3.63758615972639,0,1,0,0,0,0,0,0,1.94591014905531,0,1,-2.52583281734359,1.09861228866811,0,0,0,0,0,0.00393538165574062,0.002556240834359,0.00391305995943047,0.000410542585030731,0.0016692530683456,0,0.00069326521779211,2018-07-06
"Guatemala","GUA","GTM",2014,0,0,5.17048399503815,1,0,0,0,0,0,1,16.5290676350201,4.1077897530512,0.168898536461814,0,0,1,0,0,0,0,1,0,0,2.83321334405622,0,0,1,0,0,1,0,0,2.07944154167984,0,1,1.72040192219271,0,0,1,1,0,0,0.0134703256188982,0.00739971387463384,0.0146087484841365,0.00220006568505352,0.0135671491223153,0,0.00525573826912292,2018-07-06
"Guinea","GUI","GIN",2014,0,0,4.04305126783455,1,1,0,0,0,0,0,16.2536114608239,4.51839576553774,1.02185828485827,0,1,0,0,0,0,1,0,0,0,1.09861228866811,0,0,0,1,0,1,0,1,2.39789527279837,0,1,1.98597962015807,0,0,1,0,1,0,0.122538307463598,0.0324713981450664,0.104695270780664,0.0302288579662069,0.0377792226765142,0,0.0226693602142404,2018-07-06
"Guinea-Bissau","GNB","GNB",2014,0,0,3.71357206670431,1,1,0,0,0,0,0,14.3244692400787,3.8902363061361,1.4911841777413,0,1,0,0,0,1,0,0,0,0,0,0,0,0,1,0,0,0,1,2.39789527279837,0,1,-2.59083205257517,0,0,0,0,0,1.94591014905531,0.244394878429602,0.0227214537073759,0.0654759036384883,0.0341685408572455,0.0101279680765465,0.004,0.016098836311264,2018-07-06
"Guyana","GUY","GUY",2014,0,0,3.89182029811063,1,0,0,0,0,0,1,13.5865614368951,5.31728331859584,0.51570780390582,0,0,1,0,0,0,1,0,0,0,3.04452243772342,0,0,1,0,0,0,0,0,1.6094379124341,0,1,2.19464323230136,0,0,1,1,0,0,0.0179270530662984,0.00293253296652846,0.0500266293532177,0.00119242809726768,0.007552865347424,0.002,0.0035817644815639,2018-07-06
"Haiti","HAI","HTI",2014,0,0,5.35185813347607,1,0,0,0,0,0,1,16.1353238889247,4.11463084454406,0.903312763572747,0,0,0,1,0,0,0,0,0,1,0,0,1,0,0,0,1,0,0,2.07944154167984,0,0,1.6799508695983,0,0,0,0,0,0,0.0579882249925575,0.0266049001588696,0.0293407914391626,0.0161847892425097,0.0111079476895236,0.001,0.00943091231067777,2018-07-06
"Honduras","HON","HND",2014,0,0,5.17614973257383,1,0,0,0,0,0,1,15.8869005225166,4.79233863848634,-0.0681528883001987,0,0,1,0,0,0,0,1,0,0,3.43398720448515,0,1,0,0,0,0,0,1,2.07944154167984,0,1,1.96548699152697,1.09861228866811,0,0,0,0,0,0.0266197931319373,0.00524923798179643,0.0158632421766453,0.00251109588724758,0.00258190980904846,0,0.00169766856543202,2018-07-06
"Hungary","HUN","HUN",2014,0,0,5.11198778835654,1,0,0,1,0,0,0,16.1124552738965,5.19573759033285,-1.40003539823022,0,0,1,0,0,0,0,0,1,0,3.13549421592915,0,1,0,0,0,1,0,0,1.94591014905531,0,1,-1.30384048104054,0,0,0,0,0,0,0.00438268644015287,0.00254191946245098,0.00314713621371669,0.000437052291714741,0.00110489191448708,0.002,0.00118064806873394,2018-07-06
"India","IND","IND",2014,0,0,4.21950770517611,1,0,0,0,0,1,0,20.9357016501029,4.01394469377493,0.7738050835774,0,0,1,0,0,0,0,1,0,0,4.14313472639153,0,0,0,1,0,1,0,0,2.63905732961526,2.07944154167984,0,1.7991507086838,0,0,0,0,0,3.66356164612965,0.0213287184269205,0.0601467583432082,0.0390951521435659,0.0173739167900338,0.00902321775744608,0.031,0.0191323781824933,2018-07-06
"Indonesia","INS","IDN",2014,0,1,4.18965474202643,1,0,1,0,0,0,0,19.32434890937,3.91347613042599,0.239109531613174,0,0,1,0,0,0,0,1,0,0,2.63905732961526,0,0,0,1,0,1,1,0,2.19722457733622,0,0,2.49529246582772,0.336472236621213,0,0,0,0,1.94591014905531,0.0173253990085748,0.0198264881935754,0.041154560317046,0.00596647774958179,0.012550762620621,0.005,0.00783908012340092,2018-07-06
"Iran","IRN","IRN",2014,0,1,6.24222326545517,1,0,0,0,1,0,0,18.1518131375236,3.98373285143102,0.65989450538733,1,0,0,0,1,0,0,0,0,0,2.19722457733622,1,0,0,1,0,1,1,0,3.3322045101752,0,0,1.34164078649987,2.60638654732571,1,0,0,0,1.38629436111989,0.0204120473413451,0.0540595954762979,0.0529654676632542,0.015456886548173,0.0112639564496177,0.003,0.00990694766593026,2018-07-06
"Iraq","IRQ","IRQ",2014,0,0,4.4188406077966,1,0,0,0,1,0,0,17.2991541872514,4.13012293118441,0.638753108463091,0,1,0,0,0,0,1,0,0,0,1.09861228866811,0,0,1,0,0,1,0,0,2.83321334405622,1.09861228866811,0,2.90318099818097,0,0,1,1,0,3.63758615972639,0.042673411112045,0.0460415485393555,0.143158853748314,0.0212523138312929,0.038553244231914,0.023,0.0276018526877356,2018-07-06
"Ireland","IRE","IRL",2014,0,0,4.53259949315326,1,0,0,1,0,0,0,15.3391286741035,5.25420187060732,-1.71872770426331,0,0,1,0,0,0,0,0,1,0,4.52178857704904,0,1,0,0,0,0,0,0,1.94591014905531,0,1,0.968447323967231,0,0,0,0,0,0,0.00222655104559326,0.00164683543925308,0.00245982465803754,0.000197274592176754,0.000515323402960323,0,0.000237532665045692,2018-07-06
"Israel","ISR","ISR",2014,0,0,4.20469261939097,1,0,0,0,1,0,0,15.8833728177703,4.27879493566515,-1.65271389468742,0,0,1,0,0,0,0,0,1,0,4.17438726989564,0,0,1,0,0,0,0,0,2.83321334405622,1.09861228866811,0,1.83078675905597,3.43398720448515,1,1,1,0,3.61091791264422,0.00282518240354004,0.00302110480120676,0.0078185118398347,0.000384917074010141,0.00207126107122954,0.001,0.00115205938174656,2018-07-06
"Italy","ITA","ITA",2014,0,0,5.03695260241363,1,0,0,1,0,0,0,17.9250388943701,4.08265737711994,-1.84441592176734,0,0,1,0,0,0,0,0,1,0,4.17438726989564,0,1,0,0,0,0,0,0,1.94591014905531,0,1,-1.59154452760731,0,0,0,0,0,0,0.00246824178163846,0.00357813243162038,0.00223193406984179,0.000408835893081903,0.00113316444740404,0,0.000514000113495315,2018-07-06
"Ivory Coast","IVO","CIV",2014,0,0,4.00733318523247,1,1,0,0,0,0,0,16.8031980589352,4.44635032565813,1.08994740576261,0,1,0,0,0,0,1,0,0,0,0.693147180559945,0,0,0,1,0,0,0,0,2.39789527279837,0,1,3.08169938776438,0,0,0,0,0,3.43398720448515,0.0519290210340792,0.0401090506570503,0.109747918397893,0.0213526492755971,0.00792733132073813,0.011,0.0134266601987784,2018-07-06
"Jamaica","JAM","JAM",2014,0,0,3.97029191355212,1,0,0,0,0,0,1,14.813233800519,4.42376667851812,-0.396097357317851,0,0,1,0,0,0,0,1,0,0,3.98898404656427,0,1,0,0,0,0,0,0,2.07944154167984,0,1,-0.672002918047334,0,0,0,0,0,0,0.00745163875941338,0.00306919633995581,0.0094759500468016,0.000715885378326083,0.0023748434889214,0.001,0.00136357628908249,2018-07-06
"Japan","JPN","JPN",2014,0,0,7.2115567333138,1,0,1,0,0,0,0,18.6641090729762,3.44395366416699,-2.26336437984076,0,0,1,0,0,0,0,0,1,0,4.11087386417331,0,1,0,0,0,0,0,0,2.19722457733622,0,0,1.39463256809813,0,0,0,0,0,0,0.00185055675825405,0.00391650036085167,0.00182075163307565,0.000368841843568147,0.00157044561238578,0,0.000646429151984641,2018-07-06
"Jordan","JOR","JOR",2014,0,0,4.23410650459726,1,0,0,0,1,0,0,15.6589132603442,4.77183171793257,-0.294450020766829,0,1,0,0,0,1,0,0,0,0,3.17805383034795,1,0,1,0,0,1,0,0,2.94443897916644,0,0,1.62837168471306,0,0,1,0,1,0,0.0122708515055851,0.0155129118639599,0.032483089531632,0.00390464324495752,0.0145563230019854,0.004,0.00748698874898096,2018-07-06
"Kazakhstan","KZK","KAZ",2014,0,0,3.17805383034795,1,0,0,0,0,1,0,16.6367381829341,4.35589197927284,0.0817426198499321,1,0,0,0,1,0,0,0,0,0,3.09104245335832,1,0,0,1,0,0,0,0,3.04452243772342,0,1,2.23606797757525,0,0,1,1,0,0,0.008714682809309,0.0221763380950629,0.0109632003775442,0.00427793598765943,0.00544739896842357,0,0.00324177831869433,2018-07-06
"Kenya","KEN","KEN",2014,0,0,3.95124371858143,1,1,0,0,0,0,0,17.5808449297851,4.27379436277612,0.718929586426923,0,0,1,0,0,0,0,1,0,0,2.39789527279837,0,0,0,1,0,0,0,0,2.94443897916644,0,0,2.14430551285909,0,0,0,0,0,0,0.0233850621061956,0.0189736874664427,0.032827812940144,0.00692647743247761,0.00618092240043534,0,0.00436913327763765,2018-07-06
"Kuwait","KUW","KWT",2014,0,0,3.98898404656427,1,0,0,0,1,0,0,14.994318158046,4.56153119053487,-0.993298833417607,1,0,0,0,1,0,0,0,0,0,3.89182029811063,1,0,0,1,0,0,0,0,2.94443897916644,0,0,2.51067912781303,0,0,0,0,0,0,0.00390232439765657,0.00689248558760959,0.00830641268494445,0.000954239850285659,0.00198064674429096,0.001,0.00131162886485887,2018-07-06
"Kyrgyzstan","KYR","KGZ",2014,0,0,3.17805383034795,1,0,0,0,0,1,0,15.5350756076438,5.00500301403012,0.370508232877864,0,0,1,0,0,0,1,0,0,0,0.693147180559945,0,0,0,1,0,0,0,0,3.04452243772342,0,1,-0.948517073294209,0,0,1,1,0,0,0.0242003573093547,0.00831698768299559,0.0720487325706994,0.00350466509207475,0.0121225865535866,0,0.00520908388188713,2018-07-06
"Laos","LAO","LAO",2014,0,1,4.18965474202643,1,0,1,0,0,0,0,15.7094996968627,4.43891563968157,1.00011271431456,1,0,0,0,1,0,0,0,0,0,3.63758615972639,1,0,1,0,0,1,1,0,2.19722457733622,0,0,2.86309478337994,0,1,0,0,0,0,0.022018557818508,0.0206568708401047,0.0327480521024942,0.00717192358220346,0.00700086598338525,0.004,0.00605759652186291,2018-07-06
"Latvia","LAT","LVA",2014,0,0,3.17805383034795,1,0,0,1,0,0,0,14.5213138114941,4.80000835229855,-0.947356551145647,0,0,1,0,0,0,0,1,0,0,3.09104245335832,0,0,1,0,0,0,0,0,1.94591014905531,0,1,2.23606797749979,0,0,0,0,0,0,0.0053357788765305,0.00195031837253902,0.0137753375803513,0.000394050468351578,0.00233156233496002,0,0.000908537601103865,2018-07-06
"Lebanon","LEB","LBN",2014,0,0,4.27666611901606,1,0,0,0,1,0,0,15.3027555253694,4.35567228819591,-0.327197730323646,0,0,1,0,0,0,1,0,0,0,2.07944154167984,0,0,0,1,0,0,0,0,2.94443897916644,0,0,1.18320955353687,2.39789527279837,0,1,1,0,0,0.0117384821981256,0.00502742332106879,0.123518925415747,0.00145079988580855,0.0277234489535435,0.001,0.0100580829464507,2018-07-06
"Lesotho","LES","LSO",2014,0,0,3.89182029811063,1,1,0,0,0,0,0,14.5341037257932,5.04049352645263,0.922202633694229,0,0,1,0,0,0,0,1,0,0,2.39789527279837,0,1,0,0,0,0,0,1,1.79175946922805,0,1,1.99094997299414,0,0,0,0,0,0,0.0739147983224173,0.00535361157468875,0.040186755364195,0.00482945804057422,0.00406515026170332,0,0.00296486943409251,2018-07-06
"Liberia","LBR","LBR",2014,0,0,5.12396397940326,1,1,0,0,0,0,0,15.2483151051253,4.80303910073167,1.23012203134311,0,0,1,0,0,0,0,1,0,0,1.94591014905531,0,0,0,1,0,1,0,0,2.39789527279837,0,0,3.19978781023758,0,0,0,0,0,1.09861228866811,0.040247072150334,0.0098725067127,0.049174227947635,0.00556966567145483,0.00831169097894173,0,0.00462711888346552,2018-07-06
"Libya","LIB","LBY",2014,0,0,4.15888308335967,1,0,0,0,1,0,0,15.6327140647093,4.55229638389497,-0.516330946952829,0,0,0,1,0,0,0,0,0,1,0,0,1,0,0,0,0,0,0,2.63905732961526,0,1,1.44913767461894,0,0,0,0,0,2.19722457733622,0.0146007488362265,0.0123737500203478,0.0290183597538507,0.00358858577733843,0.00348519736925762,0.029,0.0120245943821987,2018-07-06
"Lithuania","LIT","LTU",2014,0,0,3.17805383034795,1,0,0,1,0,0,0,14.9092808095351,5.05312272592503,-1.23503862531668,0,0,1,0,0,0,0,0,1,0,3.09104245335832,0,0,1,0,0,0,0,0,1.94591014905531,0,1,1.92353840616713,0,0,0,0,0,0,0.00432585734670656,0.00188158889964375,0.00357509104031219,0.00033510177656752,0.000770752201696483,0,0.000368617992754667,2018-07-06
"Macedonia","MAC","MKD",2014,0,0,3.17805383034795,1,0,0,1,0,0,0,14.5600991469423,4.85740053564831,-0.937694639936347,0,0,1,0,0,0,0,1,0,0,2.39789527279837,0,0,1,0,0,0,0,0,1.94591014905531,0,1,-0.516410312206084,0,0,0,0,0,0,0.00718076827801724,0.00198611766953081,0.0138774811686607,0.000481988515996753,0.0022474324890444,0,0.000909807001680385,2018-07-06
"Madagascar","MAG","MDG",2014,0,0,4.00733318523247,1,1,0,0,0,0,0,16.9198242843841,4.14587629513905,0.802476281754527,0,1,0,0,0,1,0,0,0,0,0.693147180559945,0,0,0,1,0,0,0,1,0,0,1,1.76068168616589,0,0,1,1,0,1.09861228866811,0.17114719633329,0.0159929257092969,0.0437912094205595,0.0205238185832163,0.0139492258363278,0.006,0.0134910148065147,2018-07-06
"Malawi","MAW","MWI",2014,0,0,3.93182563272433,1,1,0,0,0,0,0,16.5822373199378,4.23530460708644,1.31334408953372,0,0,1,0,0,0,1,0,0,0,2.94443897916644,0,0,0,1,0,1,0,0,1.79175946922805,0,1,1.37324415437797,0,0,0,0,0,0,0.0338801536947482,0.0129986536696586,0.130946853160652,0.00632353862415029,0.0278502692877594,0,0.0113912693039699,2018-07-06
"Malaysia","MAL","MYS",2014,0,0,4.06044301054642,1,0,1,0,0,0,0,17.1910456962627,5.09015277744095,-0.377392274905934,0,0,1,0,0,0,1,0,0,0,1.6094379124341,0,0,1,0,0,0,0,0,2.19722457733622,0,0,2.37483300738954,0,0,1,1,0,0,0.0136949181813584,0.00702347650886951,0.0611700755491087,0.00212598762006543,0.0102038303539351,0,0.00410993932466684,2018-07-06
"Mali","MLI","MLI",2014,0,0,4.00733318523247,1,1,0,0,0,0,0,16.5137509330087,4.12338636912174,1.63214289812417,0,0,0,1,0,0,0,0,0,1,0,0,0,0,1,0,0,0,1,1.6094379124341,0.693147180559945,1,-1.08994211477818,0,0,0,0,0,1.6094379124341,0.247162710766631,0.0404601111397651,0.0778816278480487,0.0551693698146471,0.0100552138818307,0.03,0.0317415278988259,2018-07-06
"Mauritania","MAA","MRT",2014,0,0,4.00733318523247,1,1,0,0,0,0,0,15.1494955823846,5.02568051618761,1.01999340362788,0,1,0,0,0,1,0,0,0,0,1.38629436111989,1,0,0,1,0,0,0,0,1.6094379124341,0,0,2.75106570018741,3.73766961828337,0,1,0,1,1.38629436111989,0.0606955213194693,0.0175072775234479,0.111253836756406,0.0116919221745244,0.0135086653148343,0.004,0.00973352916311957,2018-07-06
"Mauritius","MAS","MUS",2014,0,0,3.85014760171006,1,1,0,0,0,0,0,14.0712808220256,4.799338686046,-0.64044311617652,0,0,1,0,0,0,0,0,1,0,3.80666248977032,0,0,0,1,0,0,0,0,0,0,1,1.79656247250434,0,0,0,0,0,0,0.00848800124945983,0.00103097485581475,0.00432241232605221,0.000305341505315391,0.00105608462899217,0,0.000453808711435852,2018-07-06
"Mexico","MEX","MEX",2014,0,0,5.26785815906333,1,0,0,0,0,0,1,18.6100397877754,4.2098028177944,-0.236765319013543,0,0,1,0,0,0,0,1,0,0,2.77258872223978,0,0,1,0,0,0,0,0,1.09861228866811,1.38629436111989,1,1.94531510655332,0,0,0,0,0,3.04452243772342,0.0134908478661039,0.00929480294476928,0.0111904239345549,0.00267564327996817,0.00208836289370044,0,0.00158800205788954,2018-07-06
"Moldova","MLD","MDA",2014,0,0,3.17805383034795,1,0,0,1,0,0,0,15.0851421619314,4.85095217037841,-0.442617374014182,0,0,1,0,0,0,1,0,0,0,3.09104245335832,0,0,1,0,0,0,0,0,1.94591014905531,0,1,-0.894427190999914,0,0,1,1,0,0,0.00915886358480664,0.00312246490518187,0.0520380119901618,0.000826594340396765,0.0108696347644247,0,0.00389874303494049,2018-07-06
"Mongolia","MON","MNG",2014,0,0,4.64439089914137,1,0,1,0,0,0,0,14.8438734717899,4.8504507561542,0.527162043050962,0,0,1,0,0,0,0,0,1,0,3.04452243772342,0,1,0,0,0,0,0,0,2.19722457733622,0,1,3.50476334347951,0,0,0,0,0,0,0.0152355157495771,0.00543921092335327,0.0156255128207563,0.00182653974158444,0.00244954598342641,0.001,0.00175869524167028,2018-07-06
"Montenegro","MNE","MNE",2014,0,0,2.19722457733622,1,0,0,1,0,0,0,13.3392167871923,4.68703428391435,-0.822050642594343,0,0,1,0,0,0,0,1,0,0,1.94591014905531,0,0,0,1,0,0,0,0,1.94591014905531,0,1,-0.738325783120198,0,0,0,0,0,0,0.00881007668336124,0.00142111434393958,0.0151595232391824,0.000411344703770142,0.0027025665694749,0,0.00103797042441501,2018-07-06
"Morocco","MOR","MAR",2014,0,0,4.07753744390572,1,0,0,0,1,0,0,17.2974009896277,4.46119195335304,0.220410407677614,0,1,0,0,1,0,0,0,0,0,3.87120101090789,1,0,1,0,0,0,0,0,2.63905732961526,0,0,2.05015656690067,0,0,0,0,0,0,0.0161929115558518,0.0315449945918992,0.021300271309737,0.00849011254973988,0.00405303061113184,0.011,0.00784771438695724,2018-07-06
"Mozambique","MZM","MOZ",2014,0,0,3.68887945411394,1,1,0,0,0,0,0,17.0424892656297,4.61568942296647,1.28549857454912,0,1,0,0,0,0,0,1,0,0,2.94443897916644,0,0,0,1,0,1,0,0,1.79175946922805,0,0,2.72029410174701,0,0,0,0,0,0,0.0508778803339471,0.0394418441224464,0.0525740268515222,0.0207922591101323,0.0114838449901706,0.001,0.011092034700101,2018-07-06
"Myanmar","MYA","MMR",2014,0,0,4.20469261939097,1,0,1,0,0,0,0,17.7819709708722,-1.17505192847049,0.809412725409341,0,1,0,0,1,0,0,0,0,0,0.693147180559945,1,0,1,0,0,0,0,0,3.04452243772342,1.6094379124341,0,3.69349510210247,3.15700042115011,0,1,1,0,3.2188758248682,0.0515170988342877,0.0652451839000898,0.0571430515336958,0.0318793828833066,0.386758919737795,0.047,0.155212767540367,2018-07-06
"Namibia","NAM","NAM",2014,0,0,3.2188758248682,1,1,0,0,0,0,0,14.6306067511025,4.55438825172417,0.763770095270964,0,0,1,0,0,0,0,1,0,0,3.13549421592915,0,0,0,1,0,0,0,0,1.79175946922805,0,1,2.2397329868222,0,0,0,0,0,0,0.0204944391259539,0.0050520810760594,0.0357073272101862,0.00206399711159572,0.00533918244222117,0,0.00246772651793896,2018-07-06
"Nepal","NEP","NPL",2014,0,0,5.50938833662798,1,0,0,0,0,1,0,17.1287643828376,3.7707399197217,0.707861915376273,0,0,1,0,0,0,1,0,0,0,1.94591014905531,0,0,0,1,0,1,0,0,3.04452243772342,0,1,2.20283370689895,0,0,0,0,0,2.83321334405622,0.020385540776837,0.0168549571894466,0.0916148017983397,0.00574998997878258,0.0212610369707691,0.001,0.00933700898318388,2018-07-06
"Netherlands","NTH","NLD",2014,0,0,6.10255859461357,1,0,0,1,0,0,0,16.6349652729138,5.12190518758621,-1.73994866037422,0,0,1,0,0,0,0,0,1,0,4.21950770517611,0,1,0,0,0,0,0,0,1.94591014905531,0,1,-1.11675760695369,0,0,0,0,0,0,0.00259182263095425,0.00248819169920589,0.00241978076611495,0.000308882388827708,0.000561201013235686,0,0.000290027800687798,2018-07-06
"New Zealand","NEW","NZL",2014,0,0,4.68213122712422,1,0,1,0,0,0,0,15.3046096715598,4.0779102142472,-1.50454809603779,0,0,1,0,0,0,0,0,1,0,4.91265488573605,0,0,1,0,0,0,0,0,0,0,1,1.72405444247032,0,0,0,0,0,0,0.00336275274483661,0.000946443327629394,0.00361635790144494,0.000158945297302254,0.00158172698887235,0,0.000580224095391535,2018-07-06
"Nicaragua","NIC","NIC",2014,0,0,5.17614973257383,1,0,0,0,0,0,1,15.6058912437738,4.66120862899722,0.0283015870348742,0,0,1,0,0,0,0,1,0,0,3.13549421592915,0,0,1,0,0,1,0,0,2.07944154167984,0,1,2.28134875687449,0,0,0,0,0,0,0.0109791984350285,0.00505691822482241,0.0131197832672432,0.00139836511520278,0.00432472821931946,0,0.00190769777817408,2018-07-06
"Niger","NIR","NER",2014,0,0,4.00733318523247,1,1,0,0,0,0,0,16.657919259543,4.22614321098638,1.44033681426765,0,0,1,0,0,0,0,1,0,0,0.693147180559945,0,0,0,1,0,0,0,1,1.6094379124341,0,1,3.29052432601064,0,0,0,0,0,1.38629436111989,0.147715527034239,0.0134511178648458,0.0593452528014274,0.0162093965787178,0.00799056548744432,0.002,0.00873332068872072,2018-07-06
"Nigeria","NIG","NGA",2014,1,1,4.00733318523247,1,1,0,0,0,0,0,18.9444252148966,4.35985214232471,1.25256126758368,0,1,0,0,0,0,0,1,0,0,2.63905732961526,0,0,0,1,0,1,1,0,2.19722457733622,1.09861228866811,0,2.55565426525479,1.62924053973028,0,0,0,0,2.70805020110221,0.0547492283732253,0.0863166581358133,0.0731805378864043,0.0416596759078199,0.0121660655399106,0.524,0.192608580482577,2018-07-06
"North Korea","PRK","PRK",2014,0,1,4.20469261939097,1,0,1,0,0,0,0,17.0248687535505,3.11351530921037,0.209784122203348,1,0,0,0,1,0,0,0,0,0,4.17438726989564,1,1,0,0,0,1,1,0,2.19722457733622,0,0,0.894427190999916,0,1,0,0,0,0,0.0116024833906829,0.0203198537634147,0.0180148121657365,0.00474628232205342,0.0121705391972144,0.021,0.0126389405064226,2018-07-06
"Norway","NOR","NOR",2014,0,0,4.70048036579242,1,0,0,1,0,0,0,15.4287151674795,4.22209738411198,-1.80359392901792,0,0,1,0,0,0,0,0,1,0,4.21950770517611,0,1,0,0,0,0,0,0,1.94591014905531,0,1,1.75820865123832,0,0,0,0,0,0,0.00215271770672216,0.00161626241777363,0.00230354052758937,0.000190079621379197,0.00104596750010432,0,0.000412015707161171,2018-07-06
"Oman","OMA","OMN",2014,0,0,5.89989735358249,1,0,0,0,1,0,0,15.0136667787188,4.54846338182953,-0.351645595199282,1,0,0,0,1,0,0,0,0,0,4.02535169073515,1,0,1,0,0,0,0,0,2.94443897916644,0,0,0.539683350895506,0,0,0,0,0,0,0.00684984897549415,0.00995498128955398,0.0135879258541253,0.00185771881698745,0.00279874921734812,0,0.00155215601144519,2018-07-06
"Pakistan","PAK","PAK",2014,0,0,4.21950770517611,1,0,0,0,0,1,0,19.0037904388611,3.48409622016468,1.05893343148955,0,0,1,0,0,0,1,0,0,0,1.6094379124341,0,0,1,0,0,1,0,0,2.70805020110221,1.94591014905531,0,2.00397297153086,1.94591014905531,0,1,1,0,3.40119738166216,0.0452323683378951,0.0388383851393717,0.177570903108538,0.0190956995496023,0.0713363822031706,0.004,0.0314773605842576,2018-07-06
"Panama","PAN","PAN",2014,0,0,4.71849887129509,1,0,0,0,0,0,1,15.1511117077686,5.08775897439005,-0.629785823257933,0,0,1,0,0,0,0,0,1,0,3.17805383034795,0,0,1,0,0,0,0,0,0,0,1,3.26665329276573,0,0,0,0,0,0,0.0092309458230529,0.00147810424351135,0.00280805262753181,0.000438031360953158,0.000637043173783065,0,0.000358358178245408,2018-07-06
"Papua New Guinea","PNG","PNG",2014,0,0,3.68887945411394,1,0,1,0,0,0,0,15.784999110259,4.87583003085641,0.682502490840446,0,1,0,0,0,0,0,1,0,0,3.63758615972639,0,0,0,1,0,1,0,1,2.19722457733622,0,0,2.82842712474617,0,0,0,0,0,0,0.0684330186934733,0.021677409856666,0.0528234067117529,0.0150823397679966,0.00954721029257918,0.009,0.0112098500201919,2018-07-06
"Paraguay","PAR","PRY",2014,0,0,5.31811999384422,1,0,0,0,0,0,1,15.7157298849237,4.53827430941281,0.0455355737309306,0,0,1,0,0,0,0,1,0,0,3.04452243772342,0,1,0,0,0,0,0,0,1.6094379124341,0,1,-1.10140904775681,0,0,0,0,0,0,0.0145424228731761,0.00451124506692885,0.0135765452733842,0.00151198365519246,0.00279316278254375,0,0.00143504881257873,2018-07-06
"Peru","PER","PER",2014,0,0,4.91265488573605,1,0,0,0,0,0,1,17.2163011902484,3.90149412100057,0.0116960398794703,0,0,1,0,0,0,0,1,0,0,2.484906649788,0,0,0,1,0,1,0,0,1.6094379124341,0,1,2.51597191083653,0,0,0,0,0,0,0.0136001044973633,0.00722439565463066,0.0132296230010885,0.00216840764771344,0.00754866339951365,0.002,0.00390569034907569,2018-07-06
"Philippines","PHI","PHL",2014,0,1,4.76217393479776,1,0,1,0,0,0,0,18.3871939062709,4.17115613035742,-0.125163143154006,0,0,1,0,0,0,0,1,0,0,3.25809653802148,0,1,0,0,0,1,1,0,1.79175946922805,1.38629436111989,1,2.61046752666678,0,0,1,1,0,3.04452243772342,0.0111917165251378,0.0116361142094642,0.0294735853230653,0.00288446778571347,0.0140503775587005,0.001,0.00597828178147132,2018-07-06
"Poland","POL","POL",2014,0,0,4.57471097850338,1,0,0,1,0,0,0,17.467278235554,4.52178545094287,-1.19693877786326,0,0,1,0,0,0,0,0,1,0,3.09104245335832,0,1,0,0,0,1,0,0,1.94591014905531,0,1,1.34842580636197,0,0,0,0,0,0,0.00457897469764435,0.00444291936553573,0.00368187989478285,0.000724365787109304,0.0020102528671416,0,0.000911539551416969,2018-07-06
"Portugal","POR","PRT",2014,0,0,6.77078942390898,1,0,0,1,0,0,0,16.1694257296693,4.35658903683468,-1.53030059296233,0,0,1,0,0,0,0,0,1,0,3.61091791264422,0,1,0,0,0,0,0,0,1.94591014905531,0,1,-1.79585880024325,0,0,0,0,0,0,0.0036298339021311,0.00240558594013854,0.00284566451817944,0.000370518145365083,0.00109576583591162,0,0.000488761327092235,2018-07-06
"Qatar","QAT","QAT",2014,0,0,3.78418963391826,1,0,0,0,1,0,0,14.533601051394,4.56960618632197,-1.13796477594322,1,0,0,0,1,0,0,0,0,0,3.73766961828337,1,0,0,0,1,0,0,0,2.94443897916644,0,0,2.49868375747711,0,0,0,0,0,0,0.00361374991787556,0.00546520834645143,0.00743163237477587,0.000745722085724522,0.00182481443233569,0,0.000856845506020071,2018-07-06
"Romania","RUM","ROU",2014,0,0,4.92725368515721,1,0,0,1,0,0,0,16.8754799791224,4.32499113705953,-0.683313337679357,0,0,1,0,0,0,0,1,0,0,2.83321334405622,0,0,1,0,0,1,0,0,1.94591014905531,0,1,1.7617115125831,0,0,1,1,0,0,0.00711395661420843,0.00489475460936017,0.016852114899445,0.00103669267010139,0.0127781018590863,0,0.00460493150972922,2018-07-06
"Russia","RUS","RUS",2014,0,0,3.17805383034795,1,0,0,1,0,0,0,18.7820755318828,3.9431187078455,-1.06711362160874,0,1,0,0,0,0,0,1,0,0,2.56494935746154,0,0,1,0,0,1,0,0,1.79175946922805,0.693147180559945,1,1.85530954262327,0.470003629245736,0,0,0,0,2.83321334405622,0.00822296992082735,0.01981418915425,0.014168807372957,0.00374793139413413,0.00530680899356591,0,0.00301824679590001,2018-07-06
"Rwanda","RWA","RWA",2014,0,0,3.97029191355212,1,1,0,0,0,0,0,16.2541813660219,3.84525490059908,1.07896964863329,0,1,0,0,1,0,0,0,0,0,2.94443897916644,1,1,0,0,0,1,0,0,2.94443897916644,0,0,2.82508395957128,0,0,1,0,1,0,0.0351142978430601,0.0401166555418832,0.0208508834066773,0.0167933605242504,0.0209940026066135,0.003,0.013595787710288,2018-07-06
"Saudi Arabia","SAU","SAU",2014,0,0,4.4188406077966,1,0,0,0,1,0,0,17.157943118558,4.45944173352289,-0.308445161243469,1,0,0,0,1,0,0,0,0,0,4.46590811865458,1,0,1,0,0,0,0,0,2.94443897916644,0,0,2.26404580221128,2.77258872223978,1,1,1,0,0,0.00590109453105685,0.0204142681987357,0.0272141745534186,0.00312556073248451,0.00687283751898548,0,0.00333279941715666,2018-07-06
"Senegal","SEN","SEN",2014,0,0,4.00733318523247,1,1,0,0,0,0,0,16.4348039323927,4.19893078435973,0.953881157599998,0,0,1,0,0,0,0,1,0,0,2.56494935746154,0,0,0,1,0,0,0,0,2.39789527279837,0,1,1.8581987467643,0,0,0,0,0,0,0.02452717365645,0.0124283682213235,0.0400735814733878,0.00497754055230836,0.00747370892139319,0,0.00415041649123385,2018-07-06
"Serbia","SRB","SRB",2014,0,0,2.19722457733622,1,0,0,1,0,0,0,15.7929037316532,4.52601267543311,-1.20005890363761,0,0,1,0,0,0,0,1,0,0,1.94591014905531,0,0,0,1,0,0,0,0,1.94591014905531,0,1,-1.30384048104055,0,0,1,1,0,0,0.00674145726640391,0.00256384213447211,0.0113521356478779,0.000576459540527389,0.00488675266149543,0,0.00182107073400761,2018-07-06
"Sierra Leone","SIE","SLE",2014,0,0,3.98898404656427,1,1,0,0,0,0,0,15.6037182270113,4.24731426546567,1.28276223821063,0,0,1,0,0,0,0,1,0,0,2.39789527279837,0,0,0,1,0,1,0,0,2.39789527279837,0,1,3.90177490530338,0,0,0,0,0,0,0.0297944103339403,0.0114137025556838,0.0511180087112564,0.00522566261927181,0.014692731308818,0.002,0.00730613130936327,2018-07-06
"Singapore","SIN","SGP",2014,0,0,3.91202300542815,1,0,1,0,0,0,0,15.4855542685082,5.93791813932836,-2.08179725820248,0,1,0,0,0,1,0,0,0,0,3.87120101090789,1,0,1,0,0,0,0,0,2.19722457733622,0,0,1.14846242463323,0,0,1,1,0,0,0.00306265979926378,0.00416163598057128,0.00718475952722115,0.000532534881461532,0.00129061502645699,0,0.00060771663597284,2018-07-06
"Slovakia","SLO","SVK",2014,0,0,3.09104245335832,1,0,0,1,0,0,0,15.5038090026547,5.16887828817602,-1.18918078763041,0,0,1,0,0,0,0,0,1,0,2.99573227355399,0,0,1,0,0,0,0,0,1.94591014905531,0,1,1.34164078649987,0,0,0,0,0,0,0.00471087217784161,0.00234656860433215,0.00370401090621889,0.000427012416715089,0.000725728303127441,0,0.000384246906614177,2018-07-06
"Slovenia","SLV","SVN",2014,0,0,3.17805383034795,1,0,0,1,0,0,0,14.5373190507634,4.95242384858303,-1.64050373170559,0,0,1,0,0,0,0,0,1,0,3.09104245335832,0,1,0,0,0,0,0,0,1.94591014905531,0,1,-1.58113883008417,0,0,0,0,0,0,0.00371794684230656,0.00132347416785049,0.00261322675195774,0.000225530836977917,0.000669379944917178,0,0.000298303593965032,2018-07-06
"Solomon Islands","SOL","SLB",2014,0,0,3.61091791264422,1,0,1,0,0,0,0,13.2169423808735,4.23609827428116,-0.20854475174813,0,0,1,0,0,0,0,1,0,0,2.19722457733622,0,0,0,0,1,0,0,0,0,0,0,1.97484176581318,0,0,0,0,0,1.6094379124341,0.0210002779704145,0.000995221535636027,0.0299533429848091,0.000522295568178516,0.00483898799831571,0,0.00178709452216474,2018-07-06
"Somalia","SOM","SOM",2014,0,0,4.00733318523247,1,1,0,0,0,0,0,16.1374211056022,3.86132220932247,1.5853380654085,0,1,0,0,0,0,0,1,0,0,0,0,0,0,1,0,1,0,0,0.693147180559945,1.79175946922805,1,-1.21822645031301,0,0,0,0,0,3.68887945411394,0.159881432547577,0.0279134226583575,0.0685480663299391,0.031334559152862,0.0146832472480342,0.085,0.0436726021336321,2018-07-06
"South Africa","SAF","ZAF",2014,0,0,4.65396035015752,1,1,0,0,0,0,0,17.7510412130186,4.08704213292732,0.697139201829483,0,0,1,0,0,0,0,1,0,0,2.94443897916644,0,0,0,1,0,1,0,0,1.79175946922805,0,1,1.59639099703056,0,0,1,1,0,0,0.0209521560165078,0.0134414893644267,0.0339705631416233,0.00482368889120415,0.024282707952877,0,0.00970213228136038,2018-07-06
"South Korea","ROK","KOR",2014,0,0,4.20469261939097,1,0,1,0,0,0,0,17.7276135601926,4.6997997410701,-1.65025990695436,0,0,1,0,0,0,0,1,0,0,3.2188758248682,0,1,0,0,0,1,0,0,2.19722457733622,0,1,1.42971973010042,0,0,0,0,0,0,0.00296233291585029,0.00407807098019836,0.00905632290673037,0.000512574096032243,0.0032655024248328,0,0.00125935884028835,2018-07-06
"South Sudan","SSD","SSD",2014,1,1,1.38629436111989,1,1,0,0,0,0,0,16.1985253914173,3.9834080879661,1.21794532068148,0,1,0,0,0,1,0,0,0,0,0.693147180559945,1,0,0,1,0,1,1,0,2.89037175789616,0.693147180559945,0,-6.89586747031976,0,0,1,1,0,0,0.104639213722328,0.0440714799687942,0.0525231390269774,0.0353792488241287,0.0352133402076664,0.298,0.122864196343932,2018-07-06
"Spain","SPN","ESP",2014,0,0,6.25958146406492,1,0,0,1,0,0,0,17.6488790467357,4.16763312032684,-1.84144415286076,0,0,1,0,0,0,0,0,1,0,3.55534806148941,0,0,1,0,0,0,0,0,1.94591014905531,0,1,-1.28119329378007,0,0,0,0,0,0,0.00281367136476959,0.00327439643026929,0.00223707109181078,0.000411322930116062,0.00106676076143151,0,0.000492694563849189,2018-07-06
"Sri Lanka","SRI","LKA",2014,0,0,3.76120011569356,1,0,0,0,0,1,0,16.8275098039821,4.08215706625459,-0.808227987776452,0,1,0,0,0,0,0,1,0,0,4.17438726989564,0,0,1,0,0,1,0,0,3.04452243772342,0,1,2.53178308089587,2.63905732961526,1,1,1,0,3.17805383034795,0.00497163165094194,0.0175636372558475,0.0217871424725212,0.00246989550034197,0.00880509342330757,0.016,0.00909166297454985,2018-07-06
"Sudan","SUD","SDN",2014,0,1,4.07753744390572,1,1,0,0,0,0,0,17.4316942845451,3.18133341817782,0.962365728739246,0,1,0,0,0,1,0,0,0,0,0.693147180559945,1,0,0,1,0,1,1,1,2.56494935746154,1.94591014905531,0,-3.17804971641411,2.76000994003292,1,1,1,0,3.52636052461616,0.211976695962617,0.0558822283441,0.0828656096685985,0.0653590568026943,0.0396213961907991,0.038,0.0476601509978311,2018-07-06
"Swaziland","SWA","SWZ",2014,0,0,3.85014760171006,1,1,0,0,0,0,0,14.0233252198771,4.95064067850316,1.03079519639607,1,0,0,0,1,0,0,0,0,0,3.68887945411394,1,1,0,0,0,0,0,0,1.79175946922805,0,0,-1.22474487139159,0,0,0,0,0,0,0.0290191767845555,0.0106262357077067,0.021158178545288,0.00483680975604495,0.00282593310695849,0.002,0.00322091428766781,2018-07-06
"Sweden","SWD","SWE",2014,0,0,6.19847871649231,1,0,0,1,0,0,0,16.0685499864704,4.51375846875579,-2.04839897086461,0,0,1,0,0,0,0,0,1,0,4.56434819146784,0,1,0,0,0,0,0,0,1.94591014905531,0,1,0.976649385646999,0,0,0,0,0,0,0.0017025674621697,0.00173519941840798,0.00190606448470679,0.000174401109094071,0.000742776702545044,0,0.000305725937213038,2018-07-06
"Switzerland","SWZ","CHE",2014,0,0,6.58479139238572,1,0,0,1,0,0,0,15.8945960362611,4.54502634047371,-1.70568971092218,0,0,1,0,0,0,0,0,1,0,5.10594547390058,0,0,1,0,0,0,0,0,1.94591014905531,0,0,1.02425263381394,2.99573227355399,0,0,0,0,0,0.00242761405048122,0.0019904257862254,0.00513872401552529,0.000244919400992068,0.00143088678796185,0,0.00055860206298464,2018-07-06
"Syria","SYR","SYR",2014,0,1,4.23410650459726,1,0,0,0,1,0,0,16.9245382126993,4.26383203966401,-0.340338524288351,1,0,0,0,1,0,0,0,0,0,3.91202300542815,1,0,1,0,0,1,1,0,2.63905732961526,1.79175946922805,0,1.78885438199976,0,1,1,0,1,2.19722457733622,0.00836101253341114,0.0193543308676666,0.0138944873534053,0.00371195742430885,0.00651662691065033,0.184,0.0647428614449864,2018-07-06
"Tajikistan","TAJ","TJK",2014,0,0,3.17805383034795,1,0,0,0,0,1,0,15.8960752187097,4.41507082629884,0.563440397355156,0,1,0,0,0,1,0,0,0,0,2.70805020110221,1,0,1,0,0,0,0,0,3.04452243772342,0,1,2.73861278752584,0,0,0,0,0,0,0.0199849747933129,0.0278902963028673,0.0361876686140564,0.0087145829820388,0.00601410109647852,0,0.00490956135950577,2018-07-06
"Tanzania","TAZ","TZA",2014,0,0,3.98898404656427,1,1,0,0,0,0,0,17.6821827249558,4.34222044401942,0.782880340385842,0,1,0,0,0,1,0,0,0,0,2.89037175789616,1,0,0,1,0,1,0,0,2.94443897916644,0,0,2.61891484766913,0,0,0,0,0,0,0.0286559092912324,0.053445886514077,0.0379673767056379,0.0188635678490296,0.0113213573036287,0.011,0.0137283083842194,2018-07-06
"Thailand","THI","THA",2014,0,0,6.49978704065585,1,0,1,0,0,0,0,18.0169890773668,5.00277536318006,-0.290037786301473,0,0,1,0,0,0,1,0,0,0,0.693147180559945,0,0,1,0,0,0,0,0,2.07944154167984,0.693147180559945,0,2.54761777783541,0,0,0,0,0,3.04452243772342,0.0195125629538872,0.00980666427096088,0.0655035221516569,0.003526556444674,0.00391884864125106,0.004,0.00381513502864169,2018-07-06
"Timor Leste","ETM","TLS",2014,0,0,2.56494935746154,1,0,1,0,0,0,0,14.0063234610187,4.86883576660351,0.667889702550638,0,0,1,0,0,0,1,0,0,0,2.39789527279837,0,0,0,0,1,0,0,0,0,0,0,0.769634863838812,0,0,0,0,0,0,0.0413251385939723,0.00211920843912242,0.139331678646017,0.00152272435617706,0.0107239371474976,0.001,0.00441555383455822,2018-07-06
"Togo","TOG","TGO",2014,0,0,4.00733318523247,1,1,0,0,0,0,0,15.709063388112,4.58077312874526,0.853062724012149,0,1,0,0,0,1,0,0,0,0,2.99573227355399,1,0,0,1,0,0,0,0,2.39789527279837,0,1,2.37121780818274,0,0,1,0,1,0,0.0268257843777696,0.0248656898486066,0.040968884130661,0.00949026343116842,0.0113340222511466,0.004,0.00827476189410501,2018-07-06
"Trinidad and Tobago","TRI","TTO",2014,0,0,3.97029191355212,1,0,0,0,0,0,1,14.1062671492356,5.01745064076899,0.229429634827166,0,0,1,0,0,0,0,0,1,0,3.93182563272433,0,0,0,1,0,0,0,0,1.6094379124341,0,1,1.23379419267944,0,0,1,1,0,0,0.012268704548736,0.00295637011062812,0.00507019358952184,0.000947135301985309,0.00197142062320088,0.001,0.0013061853083954,2018-07-06
"Tunisia","TUN","TUN",2014,0,0,4.07753744390572,1,0,0,0,1,0,0,16.1929711856034,4.66877375370763,0.161718609527166,0,0,0,1,0,0,0,0,0,1,0,0,1,0,0,0,0,0,0,2.63905732961526,0,1,1.89736659610103,0,0,0,0,0,0,0.0240945245517302,0.021653917194815,0.0481234444909844,0.00789494706380674,0.00602095971774014,0.027,0.013638635593849,2018-07-06
"Turkey","TUR","TUR",2014,0,0,4.52178857704904,1,0,0,1,0,0,0,18.1195368396045,4.06035687943235,0.0821761769777852,0,0,1,0,0,0,0,1,0,0,3.40119738166216,0,1,0,0,0,1,0,0,2.63905732961526,0.693147180559945,1,1.49638871397756,3.04452243772342,0,1,1,0,3.29583686600433,0.0107129605059543,0.015089131381495,0.0593538682944126,0.00350375996989417,0.023576969901987,0,0.00902690995729372,2018-07-06
"Turkmenistan","TKM","TKM",2014,0,0,3.17805383034795,1,0,0,0,0,1,0,15.4589500104084,4.76772507080398,0.654528638944985,1,0,0,0,1,0,0,0,0,0,3.09104245335832,1,0,1,0,0,0,0,0,3.04452243772342,0,1,3.33166624979152,2.07944154167984,0,0,0,0,0,0.0129117705596652,0.0208800588225731,0.0278721467624765,0.00519215851618271,0.00389626345913102,0,0.00302947399177124,2018-07-06
"Uganda","UGA","UGA",2014,0,1,3.97029191355212,1,1,0,0,0,0,0,17.4085908627478,4.06273119313834,1.10517891643096,0,1,0,0,0,1,0,0,0,0,2.07944154167984,1,0,0,1,0,1,1,0,2.94443897916644,0,1,1.85078883803962,0,0,0,0,0,2.19722457733622,0.036948343597189,0.0583600484424655,0.0482258332058564,0.0237295851784235,0.0122516119813796,0.011,0.0156603990532677,2018-07-06
"Ukraine","UKR","UKR",2014,0,0,3.17805383034795,1,0,0,1,0,0,0,17.6352713338648,4.70239049172327,-0.930508981323928,0,0,1,0,0,0,1,0,0,0,3.09104245335832,0,0,1,0,0,0,0,0,1.94591014905531,0,1,0.447213595499961,0,0,1,1,0,0,0.00588152319853432,0.00545626725205679,0.0362421411392312,0.00100997085023139,0.0094697264386874,0,0.0034932324296396,2018-07-06
"United Arab Emirates","UAE","ARE",2014,0,0,3.78418963391826,1,0,0,0,1,0,0,16.0353280925821,5.13356679266997,-0.606214237479508,1,0,0,0,1,0,0,0,0,0,3.73766961828337,1,0,0,1,0,0,0,0,2.94443897916644,0,0,2.08930825519349,0,0,0,0,0,0,0.00558022709595104,0.0120247273652217,0.0111813072906178,0.0019206281231067,0.00159964539188853,0,0.00117342450499841,2018-07-06
"United Kingdom","UK ","GBR",2014,0,0,6.17170059741091,1,0,0,1,0,0,0,17.9622503022726,4.17964243348896,-1.53903427321475,0,0,1,0,0,0,0,0,1,0,4.89034912822175,0,0,0,0,1,0,0,0,1.94591014905531,0,0,0.353292521496339,0,0,0,0,0,0,0.00300077167615964,0.00430488153853656,0.00282651449234,0.000541223257269885,0.00124091211217657,0,0.000594045123148819,2018-07-06
"United States","USA","USA",2014,0,0,5.44673737166631,1,0,0,0,0,0,1,19.5646297484322,3.41457252168958,-1.4773781909365,0,0,1,0,0,0,0,0,1,0,5.31811999384422,0,0,1,0,0,0,0,0,1.79175946922805,0,0,1.66702094681765,0,0,0,0,0,0,0.00276053223323941,0.0071385821037207,0.00134380407644621,0.00079184526213883,0.00130351812331827,0,0.000698454461819035,2018-07-06
"Uruguay","URU","URY",2014,0,0,5.24702407216049,1,0,0,0,0,0,1,15.0378888375533,4.02385320925245,-0.811400915477847,0,0,1,0,0,0,0,0,1,0,3.3322045101752,0,1,0,0,0,0,0,0,1.6094379124341,0,1,1.98377017484641,0,0,0,0,0,0,0.00605348513477207,0.00222468383705204,0.00226868976417845,0.000477284869675324,0.00119609362874642,0,0.000557792832807248,2018-07-06
"Uzbekistan","UZB","UZB",2014,0,0,3.17805383034795,1,0,0,0,0,1,0,17.2092418039371,4.05504605215618,-0.00235571351557233,1,0,0,0,1,0,0,0,0,0,3.09104245335832,1,0,1,0,0,0,0,0,3.04452243772342,0,1,2.8635642126553,0,1,1,1,0,0,0.00792582680754684,0.025430869530607,0.0102782751985277,0.00453148403531634,0.00474979515374374,0,0.00309375972968669,2018-07-06
"Venezuela","VEN","VEN",2014,0,0,5.22035582507832,1,0,0,0,0,0,1,17.2151995358906,3.92006195392902,-0.0516648802591354,0,1,0,0,0,1,0,0,0,0,1.38629436111989,1,0,1,0,0,0,0,0,1.6094379124341,0,1,2.37190998460869,0,0,0,0,0,0,0.0223892827180376,0.018750723323839,0.0139269004092885,0.00667411420247024,0.00449536413641354,0,0.00372315944629459,2018-07-06
"Vietnam","VIE","VNM",2014,0,1,3.66356164612965,1,0,1,0,0,0,0,18.3016212689938,5.05340055333117,-0.0486960511981967,1,0,0,0,1,0,0,0,0,0,4.07753744390572,1,1,0,0,0,1,1,0,2.19722457733622,0,0,2.29071324177617,0,1,0,0,0,0,0.00909184099319654,0.0265172680047477,0.014791659768111,0.00511523145078759,0.00260552726494812,0,0.00257358623857857,2018-07-06
"Yemen","YEM","YEM",2014,0,0,3.2188758248682,1,0,0,0,1,0,0,16.9873957764871,4.1754465741772,0.923324758601629,0,1,0,0,0,1,0,0,0,0,0,0,1,0,0,0,0,0,0,2.83321334405622,1.09861228866811,0,0.370450751430297,0,0,1,1,0,3.13549421592915,0.0749931210866719,0.0487130890436165,0.0798204989033037,0.0314175794858515,0.0157408906774848,0.015,0.0207194900544454,2018-07-06
"Zambia","ZAM","ZMB",2014,0,0,3.93182563272433,1,1,0,0,0,0,0,16.4599177657131,4.41974761028342,1.20067324907565,0,0,1,0,0,0,0,1,0,0,2.484906649788,0,0,0,1,0,0,0,0,1.79175946922805,0,1,2.7049766861319,0,0,1,1,0,0,0.0324449631763876,0.0117279677982818,0.0493928921386103,0.00563945138470808,0.0143179558910678,0,0.00665246909192529,2018-07-06
"Zimbabwe","ZIM","ZWE",2014,0,0,3.55534806148941,1,1,0,0,0,0,0,16.4346797809158,4.79062392993869,0.284028346717856,0,1,0,0,0,0,1,0,0,0,1.38629436111989,0,0,1,0,0,1,0,0,1.79175946922805,0,0,2.10318412953933,0.693147180559945,0,1,1,0,0,0.03486835660949,0.0186878773141501,0.0743350123779801,0.00876397002682316,0.0248259800481306,0.001,0.0115299833583179,2018-07-06
